Points,x,y
1,25.09511857,55.15520035
2,25.11112987,55.19719364
3,25,55